{"cameraMode":{"drawMode":0,"name":"Shaded","section":"Shading Mode"},"sceneLighting":true,"audioPlay":false,"sceneViewState":{"m_AlwaysRefresh":false,"showFog":true,"showSkybox":true,"showFlares":true,"showImageEffects":true,"showParticleSystems":true,"showVisualEffectGraphs":true,"m_FxEnabled":true},"in2DMode":false,"pivot":{"x":3.824519157409668,"y":-1.302316665649414,"z":-2.6035900115966799},"rotation":{"x":-0.08558406680822373,"y":0.9117613434791565,"z":-0.24529321491718293,"w":-0.31811824440956118},"size":13.600000381469727,"orthographic":false}